"Id","PRED_1"
1,"A"
2,"A"
3,"A"
4,"A"
5,"A"
6,"A"
7,"A"
8,"A"
9,"A"
10,"A"
11,"A"
12,"A"
13,"A"
14,"A"
15,"A"
16,"A"
17,"A"
18,"A"
19,"A"
20,"A"
21,"A"
22,"A"
23,"A"
24,"A"
25,"A"
26,"A"
27,"A"
28,"A"
29,"A"
30,"A"
31,"A"
32,"A"
33,"A"
34,"A"
35,"A"
36,"A"
37,"A"
38,"A"
39,"A"
40,"A"
41,"A"
42,"A"
43,"A"
44,"A"
45,"A"
46,"A"
47,"A"
48,"A"
49,"A"
50,"A"
51,"C"
52,"A"
53,"A"
54,"A"
55,"A"
56,"A"
57,"A"
58,"A"
59,"A"
60,"A"
61,"A"
62,"A"
63,"A"
64,"A"
65,"A"
66,"A"
67,"A"
68,"A"
69,"A"
70,"A"
71,"A"
72,"A"
73,"A"
74,"A"
75,"A"
76,"A"
77,"A"
78,"A"
79,"A"
80,"A"
81,"A"
82,"A"
83,"A"
84,"A"
85,"A"
86,"A"
87,"A"
88,"A"
89,"A"
90,"B"
91,"A"
92,"A"
93,"A"
94,"A"
95,"A"
96,"A"
97,"A"
98,"A"
99,"A"
100,"A"
101,"A"
102,"A"
103,"A"
104,"A"
105,"A"
106,"A"
107,"A"
108,"A"
109,"A"
110,"B"
111,"A"
112,"A"
113,"A"
114,"A"
115,"A"
116,"C"
117,"A"
118,"A"
119,"A"
120,"A"
121,"A"
122,"A"
123,"A"
124,"A"
125,"C"
126,"C"
127,"A"
128,"A"
129,"A"
130,"A"
131,"A"
132,"A"
133,"A"
134,"A"
135,"A"
136,"A"
137,"C"
138,"A"
139,"A"
140,"B"
141,"A"
142,"A"
143,"A"
144,"A"
145,"A"
146,"C"
147,"B"
148,"A"
149,"A"
150,"A"
151,"C"
152,"C"
153,"B"
154,"B"
155,"B"
156,"A"
157,"A"
158,"C"
159,"B"
160,"B"
161,"B"
162,"C"
163,"C"
164,"B"
165,"B"
166,"B"
167,"C"
168,"C"
169,"A"
170,"A"
171,"A"
172,"A"
173,"A"
174,"A"
175,"A"
176,"A"
177,"A"
178,"A"
179,"A"
180,"A"
181,"A"
182,"A"
183,"A"
184,"A"
185,"A"
186,"A"
187,"A"
188,"A"
189,"A"
190,"A"
191,"A"
192,"A"
193,"A"
194,"A"
195,"A"
196,"A"
197,"A"
198,"A"
199,"A"
200,"A"
201,"A"
202,"A"
203,"A"
204,"A"
205,"A"
206,"A"
207,"A"
208,"A"
209,"A"
210,"A"
211,"A"
212,"A"
213,"A"
214,"A"
215,"A"
216,"A"
217,"A"
218,"A"
219,"A"
220,"A"
221,"A"
222,"A"
223,"A"
224,"C"
225,"A"
226,"A"
227,"A"
228,"A"
229,"A"
230,"A"
231,"A"
232,"A"
233,"A"
234,"A"
235,"A"
236,"A"
237,"A"
238,"A"
239,"D"
240,"A"
241,"A"
242,"C"
243,"C"
244,"A"
245,"A"
246,"A"
247,"A"
248,"A"
249,"A"
250,"A"
251,"C"
252,"C"
253,"C"
254,"C"
255,"A"
256,"A"
257,"A"
258,"A"
259,"B"
260,"B"
261,"B"
262,"A"
263,"A"
264,"A"
265,"C"
266,"C"
267,"A"
268,"A"
269,"E"
270,"E"
271,"E"
272,"C"
273,"C"
274,"C"
275,"D"
276,"D"
277,"D"
278,"D"
279,"D"
280,"D"
281,"D"
282,"D"
283,"D"
284,"D"
285,"D"
286,"D"
287,"D"
288,"D"
289,"D"
290,"D"
291,"D"
292,"A"
293,"A"
294,"A"
295,"A"
296,"A"
297,"A"
298,"A"
299,"A"
300,"A"
301,"A"
302,"A"
303,"A"
304,"A"
305,"A"
306,"A"
307,"A"
308,"A"
309,"A"
310,"A"
311,"A"
312,"A"
313,"A"
314,"A"
315,"A"
316,"A"
317,"A"
318,"A"
319,"A"
320,"A"
321,"A"
322,"A"
323,"A"
324,"A"
325,"A"
326,"A"
327,"A"
328,"A"
329,"A"
330,"A"
331,"A"
332,"A"
333,"A"
334,"A"
335,"A"
336,"A"
337,"A"
338,"A"
339,"A"
340,"A"
341,"A"
342,"A"
343,"A"
344,"A"
345,"A"
346,"A"
347,"A"
348,"A"
349,"A"
350,"A"
351,"A"
352,"A"
353,"A"
354,"A"
355,"A"
356,"A"
357,"A"
358,"A"
359,"A"
360,"A"
361,"A"
362,"A"
363,"A"
364,"A"
365,"A"
366,"A"
367,"A"
368,"A"
369,"A"
370,"A"
371,"A"
372,"A"
373,"A"
374,"A"
375,"A"
376,"A"
377,"A"
378,"A"
379,"A"
380,"A"
381,"A"
382,"A"
383,"A"
384,"A"
385,"A"
386,"A"
387,"A"
388,"A"
389,"A"
390,"A"
391,"A"
392,"A"
393,"A"
394,"A"
395,"A"
396,"A"
397,"A"
398,"A"
399,"A"
400,"A"
401,"A"
402,"A"
403,"A"
404,"A"
405,"A"
406,"A"
407,"A"
408,"A"
409,"A"
410,"A"
411,"A"
412,"A"
413,"A"
414,"A"
415,"A"
416,"A"
417,"A"
418,"A"
419,"A"
420,"A"
421,"A"
422,"A"
423,"A"
424,"A"
425,"A"
426,"A"
427,"A"
428,"A"
429,"A"
430,"A"
431,"A"
432,"A"
433,"A"
434,"A"
435,"A"
436,"A"
437,"A"
438,"A"
439,"A"
440,"A"
441,"A"
442,"A"
443,"A"
444,"A"
445,"A"
446,"A"
447,"A"
448,"A"
449,"A"
450,"A"
451,"A"
452,"A"
453,"A"
454,"A"
455,"A"
456,"A"
457,"A"
458,"A"
459,"A"
460,"A"
461,"A"
462,"A"
463,"A"
464,"A"
465,"A"
466,"A"
467,"A"
468,"A"
469,"A"
470,"A"
471,"A"
472,"A"
473,"A"
474,"A"
475,"C"
476,"C"
477,"C"
478,"A"
479,"A"
480,"A"
481,"A"
482,"A"
483,"A"
484,"A"
485,"E"
486,"E"
487,"A"
488,"A"
489,"A"
490,"E"
491,"E"
492,"E"
493,"E"
494,"A"
495,"A"
496,"A"
497,"A"
498,"A"
499,"A"
500,"A"
501,"A"
502,"A"
503,"A"
504,"A"
505,"A"
506,"A"
507,"A"
508,"A"
509,"E"
510,"E"
511,"A"
512,"A"
513,"A"
514,"A"
515,"A"
516,"A"
517,"A"
518,"A"
519,"A"
520,"C"
521,"C"
522,"A"
523,"A"
524,"A"
525,"A"
526,"E"
527,"A"
528,"A"
529,"A"
530,"A"
531,"C"
532,"C"
533,"A"
534,"A"
535,"A"
536,"A"
537,"A"
538,"A"
539,"A"
540,"A"
541,"A"
542,"C"
543,"C"
544,"A"
545,"A"
546,"C"
547,"A"
548,"D"
549,"D"
550,"E"
551,"E"
552,"E"
553,"E"
554,"A"
555,"C"
556,"A"
557,"C"
558,"A"
559,"A"
560,"A"
561,"A"
562,"A"
563,"A"
564,"A"
565,"A"
566,"A"
567,"A"
568,"A"
569,"A"
570,"A"
571,"A"
572,"A"
573,"A"
574,"A"
575,"A"
576,"A"
577,"A"
578,"A"
579,"A"
580,"A"
581,"A"
582,"A"
583,"A"
584,"A"
585,"A"
586,"A"
587,"A"
588,"A"
589,"A"
590,"A"
591,"A"
592,"A"
593,"A"
594,"A"
595,"A"
596,"A"
597,"A"
598,"A"
599,"A"
600,"A"
601,"A"
602,"A"
603,"A"
604,"A"
605,"A"
606,"A"
607,"A"
608,"A"
609,"A"
610,"A"
611,"A"
612,"A"
613,"A"
614,"A"
615,"A"
616,"A"
617,"A"
618,"A"
619,"A"
620,"A"
621,"A"
622,"A"
623,"A"
624,"A"
625,"A"
626,"A"
627,"A"
628,"A"
629,"A"
630,"A"
631,"A"
632,"A"
633,"A"
634,"A"
635,"A"
636,"A"
637,"A"
638,"A"
639,"A"
640,"A"
641,"A"
642,"A"
643,"A"
644,"A"
645,"A"
646,"A"
647,"A"
648,"A"
649,"A"
650,"A"
651,"A"
652,"A"
653,"A"
654,"A"
655,"A"
656,"A"
657,"A"
658,"A"
659,"A"
660,"A"
661,"A"
662,"A"
663,"A"
664,"A"
665,"A"
666,"A"
667,"A"
668,"A"
669,"A"
670,"A"
671,"A"
672,"A"
673,"A"
674,"A"
675,"A"
676,"A"
677,"A"
678,"A"
679,"A"
680,"A"
681,"A"
682,"A"
683,"A"
684,"A"
685,"A"
686,"A"
687,"A"
688,"A"
689,"A"
690,"A"
691,"A"
692,"A"
693,"A"
694,"A"
695,"A"
696,"A"
697,"A"
698,"A"
699,"A"
700,"A"
701,"A"
702,"A"
703,"A"
704,"A"
705,"A"
706,"A"
707,"A"
708,"A"
709,"A"
710,"A"
711,"A"
712,"A"
713,"A"
714,"A"
715,"A"
716,"A"
717,"A"
718,"A"
719,"A"
720,"A"
721,"A"
722,"A"
723,"A"
724,"A"
725,"A"
726,"A"
727,"A"
728,"A"
729,"A"
730,"A"
731,"A"
732,"A"
733,"A"
734,"A"
735,"A"
736,"A"
737,"A"
738,"A"
739,"A"
740,"A"
741,"A"
742,"A"
743,"A"
744,"A"
745,"A"
746,"A"
747,"A"
748,"A"
749,"A"
750,"A"
751,"A"
752,"A"
753,"A"
754,"A"
755,"A"
756,"A"
757,"A"
758,"A"
759,"A"
760,"A"
761,"A"
762,"A"
763,"A"
764,"A"
765,"A"
766,"A"
767,"A"
768,"A"
769,"A"
770,"A"
771,"A"
772,"A"
773,"A"
774,"A"
775,"A"
776,"A"
777,"A"
778,"A"
779,"A"
780,"A"
781,"A"
782,"A"
783,"A"
784,"A"
785,"A"
786,"A"
787,"A"
788,"A"
789,"A"
790,"A"
791,"A"
792,"A"
793,"A"
794,"A"
795,"A"
796,"A"
797,"A"
798,"A"
799,"A"
800,"A"
801,"A"
802,"A"
803,"A"
804,"A"
805,"A"
806,"A"
807,"A"
808,"A"
809,"A"
810,"A"
811,"A"
812,"A"
813,"A"
814,"A"
815,"A"
816,"A"
817,"A"
818,"A"
819,"A"
820,"A"
821,"A"
822,"A"
823,"A"
824,"A"
825,"A"
826,"A"
827,"A"
828,"A"
829,"A"
830,"A"
831,"A"
832,"A"
833,"A"
834,"A"
835,"A"
836,"A"
837,"A"
838,"A"
839,"A"
840,"A"
841,"A"
842,"A"
843,"A"
844,"A"
845,"A"
846,"A"
847,"A"
848,"A"
849,"A"
850,"A"
851,"A"
852,"A"
853,"A"
854,"A"
855,"A"
856,"A"
857,"A"
858,"A"
859,"A"
860,"A"
861,"A"
862,"A"
863,"A"
864,"A"
865,"A"
866,"A"
867,"A"
868,"A"
869,"A"
870,"A"
871,"A"
872,"A"
873,"A"
874,"A"
875,"A"
876,"A"
877,"A"
878,"A"
879,"A"
880,"A"
881,"A"
882,"A"
883,"A"
884,"A"
885,"A"
886,"A"
887,"A"
888,"A"
889,"A"
890,"A"
891,"A"
892,"A"
893,"A"
894,"A"
895,"A"
896,"A"
897,"A"
898,"A"
899,"A"
900,"A"
901,"A"
902,"A"
903,"A"
904,"A"
905,"A"
906,"A"
907,"A"
908,"B"
909,"B"
910,"B"
911,"B"
912,"B"
913,"B"
914,"A"
915,"A"
916,"A"
917,"A"
918,"A"
919,"A"
920,"B"
921,"B"
922,"B"
923,"B"
924,"B"
925,"A"
926,"B"
927,"B"
928,"B"
929,"B"
930,"B"
931,"B"
932,"B"
933,"A"
934,"A"
935,"A"
936,"A"
937,"A"
938,"A"
939,"A"
940,"A"
941,"A"
942,"A"
943,"D"
944,"D"
945,"A"
946,"A"
947,"A"
948,"A"
949,"A"
950,"A"
951,"A"
952,"D"
953,"D"
954,"D"
955,"A"
956,"A"
957,"A"
958,"A"
959,"A"
960,"A"
961,"A"
962,"A"
963,"A"
964,"A"
965,"D"
966,"D"
967,"A"
968,"A"
969,"A"
970,"A"
971,"A"
972,"A"
973,"A"
974,"A"
975,"A"
976,"D"
977,"D"
978,"D"
979,"D"
980,"A"
981,"B"
982,"A"
983,"A"
984,"A"
985,"D"
986,"D"
987,"D"
988,"A"
989,"A"
990,"A"
991,"A"
992,"A"
993,"A"
994,"A"
995,"A"
996,"A"
997,"A"
998,"A"
999,"A"
1000,"A"
1001,"A"
1002,"A"
1003,"A"
1004,"A"
1005,"A"
1006,"A"
1007,"A"
1008,"A"
1009,"A"
1010,"A"
1011,"A"
1012,"A"
1013,"A"
1014,"A"
1015,"A"
1016,"A"
1017,"A"
1018,"A"
1019,"A"
1020,"A"
1021,"A"
1022,"A"
1023,"A"
1024,"A"
1025,"A"
1026,"A"
1027,"A"
1028,"D"
1029,"D"
1030,"D"
1031,"D"
1032,"D"
1033,"D"
1034,"D"
1035,"D"
1036,"D"
1037,"D"
1038,"D"
1039,"B"
1040,"D"
1041,"D"
1042,"D"
1043,"D"
1044,"A"
1045,"A"
1046,"A"
1047,"A"
1048,"A"
1049,"A"
1050,"A"
1051,"A"
1052,"A"
1053,"A"
1054,"A"
1055,"A"
1056,"A"
1057,"A"
1058,"A"
1059,"A"
1060,"A"
1061,"A"
1062,"A"
1063,"A"
1064,"A"
1065,"A"
1066,"A"
1067,"A"
1068,"A"
1069,"A"
1070,"A"
1071,"A"
1072,"A"
1073,"A"
1074,"A"
1075,"A"
1076,"A"
1077,"A"
1078,"A"
1079,"A"
1080,"A"
1081,"A"
1082,"A"
1083,"A"
1084,"A"
1085,"A"
1086,"A"
1087,"A"
1088,"A"
1089,"A"
1090,"A"
1091,"A"
1092,"A"
1093,"A"
1094,"A"
1095,"A"
1096,"A"
1097,"A"
1098,"A"
1099,"A"
1100,"A"
1101,"A"
1102,"A"
1103,"A"
1104,"A"
1105,"A"
1106,"A"
1107,"A"
1108,"A"
1109,"A"
1110,"A"
1111,"A"
1112,"A"
1113,"A"
1114,"A"
1115,"A"
1116,"A"
1117,"A"
1118,"A"
1119,"A"
1120,"A"
1121,"A"
1122,"A"
1123,"A"
1124,"A"
1125,"A"
1126,"A"
1127,"A"
1128,"A"
1129,"A"
1130,"A"
1131,"A"
1132,"A"
1133,"A"
1134,"A"
1135,"A"
1136,"A"
1137,"A"
1138,"A"
1139,"A"
1140,"A"
1141,"A"
1142,"A"
1143,"A"
1144,"A"
1145,"A"
1146,"A"
1147,"A"
1148,"A"
1149,"A"
1150,"A"
1151,"A"
1152,"A"
1153,"A"
1154,"A"
1155,"A"
1156,"A"
1157,"A"
1158,"A"
1159,"A"
1160,"A"
1161,"A"
1162,"A"
1163,"A"
1164,"A"
1165,"A"
1166,"A"
1167,"A"
1168,"A"
1169,"A"
1170,"A"
1171,"A"
1172,"A"
1173,"A"
1174,"A"
1175,"A"
1176,"A"
1177,"A"
1178,"A"
1179,"A"
1180,"A"
1181,"A"
1182,"A"
1183,"A"
1184,"A"
1185,"A"
1186,"A"
1187,"A"
1188,"A"
1189,"A"
1190,"A"
1191,"A"
1192,"A"
1193,"A"
1194,"A"
1195,"A"
1196,"A"
1197,"A"
1198,"A"
1199,"A"
1200,"A"
1201,"A"
1202,"A"
1203,"A"
1204,"A"
1205,"A"
1206,"A"
1207,"A"
1208,"A"
1209,"A"
1210,"A"
1211,"A"
1212,"A"
1213,"A"
1214,"A"
1215,"A"
1216,"A"
1217,"A"
1218,"A"
1219,"A"
1220,"A"
1221,"A"
1222,"A"
1223,"A"
1224,"A"
1225,"A"
1226,"A"
1227,"A"
1228,"A"
1229,"A"
1230,"A"
1231,"A"
1232,"A"
1233,"A"
1234,"A"
1235,"A"
1236,"A"
1237,"A"
1238,"A"
1239,"A"
1240,"A"
1241,"A"
1242,"A"
1243,"A"
1244,"A"
1245,"A"
1246,"A"
1247,"A"
1248,"A"
1249,"A"
1250,"A"
1251,"A"
1252,"A"
1253,"A"
1254,"A"
1255,"A"
1256,"A"
1257,"A"
1258,"A"
1259,"A"
1260,"A"
1261,"A"
1262,"A"
1263,"A"
1264,"A"
1265,"A"
1266,"A"
1267,"A"
1268,"A"
1269,"A"
1270,"A"
1271,"A"
1272,"A"
1273,"A"
1274,"A"
1275,"A"
1276,"A"
1277,"A"
1278,"A"
1279,"A"
1280,"A"
1281,"A"
1282,"A"
1283,"A"
1284,"A"
1285,"A"
1286,"A"
1287,"A"
1288,"A"
1289,"A"
1290,"A"
1291,"A"
1292,"A"
1293,"A"
1294,"A"
1295,"A"
1296,"A"
1297,"A"
1298,"A"
1299,"A"
1300,"A"
1301,"A"
1302,"A"
1303,"A"
1304,"A"
1305,"A"
1306,"A"
1307,"A"
1308,"A"
1309,"A"
1310,"A"
1311,"E"
1312,"A"
1313,"A"
1314,"A"
1315,"A"
1316,"A"
1317,"A"
1318,"A"
1319,"A"
1320,"A"
1321,"A"
1322,"E"
1323,"A"
1324,"A"
1325,"A"
1326,"A"
1327,"A"
1328,"A"
1329,"A"
1330,"A"
1331,"A"
1332,"A"
1333,"A"
1334,"A"
1335,"A"
1336,"A"
1337,"A"
1338,"A"
1339,"A"
1340,"A"
1341,"A"
1342,"A"
1343,"A"
1344,"A"
1345,"A"
1346,"A"
1347,"A"
1348,"A"
1349,"A"
1350,"A"
1351,"A"
1352,"A"
1353,"A"
1354,"A"
1355,"A"
1356,"A"
1357,"A"
1358,"A"
1359,"A"
1360,"A"
1361,"A"
1362,"A"
1363,"A"
1364,"A"
1365,"C"
1366,"A"
1367,"A"
1368,"A"
1369,"A"
1370,"A"
1371,"B"
1372,"C"
1373,"A"
1374,"A"
1375,"A"
1376,"A"
1377,"B"
1378,"A"
1379,"A"
1380,"A"
1381,"A"
1382,"A"
1383,"A"
1384,"A"
1385,"A"
1386,"A"
1387,"A"
1388,"A"
1389,"A"
1390,"A"
1391,"A"
1392,"A"
1393,"A"
1394,"A"
1395,"A"
1396,"A"
1397,"A"
1398,"C"
1399,"C"
1400,"B"
1401,"B"
1402,"B"
1403,"B"
1404,"C"
1405,"A"
1406,"A"
1407,"A"
1408,"A"
1409,"A"
1410,"A"
1411,"A"
1412,"A"
1413,"A"
1414,"A"
1415,"B"
1416,"B"
1417,"B"
1418,"A"
1419,"A"
1420,"A"
1421,"A"
1422,"A"
1423,"A"
1424,"A"
1425,"A"
1426,"A"
1427,"A"
1428,"A"
1429,"A"
1430,"C"
1431,"C"
1432,"C"
1433,"B"
1434,"B"
1435,"B"
1436,"B"
1437,"A"
1438,"A"
1439,"A"
1440,"A"
1441,"A"
1442,"A"
1443,"A"
1444,"A"
1445,"B"
1446,"B"
1447,"B"
1448,"C"
1449,"A"
1450,"A"
1451,"A"
1452,"C"
1453,"C"
1454,"A"
1455,"C"
1456,"C"
1457,"C"
1458,"B"
1459,"B"
1460,"A"
1461,"B"
1462,"B"
1463,"B"
1464,"B"
1465,"C"
1466,"A"
1467,"A"
1468,"A"
1469,"A"
1470,"C"
1471,"C"
1472,"C"
1473,"C"
1474,"C"
1475,"B"
1476,"B"
1477,"C"
1478,"C"
1479,"C"
1480,"C"
1481,"C"
1482,"C"
1483,"C"
1484,"B"
1485,"B"
1486,"C"
1487,"C"
1488,"C"
1489,"C"
1490,"C"
1491,"C"
1492,"B"
1493,"B"
1494,"C"
1495,"C"
1496,"C"
1497,"C"
1498,"C"
1499,"C"
1500,"C"
1501,"C"
1502,"C"
1503,"C"
1504,"B"
1505,"C"
1506,"E"
1507,"E"
1508,"E"
1509,"B"
1510,"B"
1511,"E"
1512,"B"
1513,"B"
1514,"B"
1515,"B"
1516,"B"
1517,"B"
1518,"B"
1519,"B"
1520,"B"
1521,"B"
1522,"B"
1523,"B"
1524,"D"
1525,"C"
1526,"C"
1527,"C"
1528,"C"
1529,"B"
1530,"B"
1531,"E"
1532,"E"
1533,"B"
1534,"B"
1535,"B"
1536,"B"
1537,"B"
1538,"B"
1539,"B"
1540,"C"
1541,"C"
1542,"B"
1543,"B"
1544,"B"
1545,"E"
1546,"B"
1547,"B"
1548,"B"
1549,"B"
1550,"B"
1551,"D"
1552,"D"
1553,"C"
1554,"C"
1555,"C"
1556,"C"
1557,"C"
1558,"B"
1559,"B"
1560,"B"
1561,"E"
1562,"D"
1563,"E"
1564,"E"
1565,"C"
1566,"C"
1567,"C"
1568,"B"
1569,"B"
1570,"B"
1571,"D"
1572,"D"
1573,"E"
1574,"E"
1575,"E"
1576,"C"
1577,"C"
1578,"C"
1579,"C"
1580,"C"
1581,"C"
1582,"C"
1583,"C"
1584,"C"
1585,"C"
1586,"B"
1587,"D"
1588,"D"
1589,"B"
1590,"B"
1591,"B"
1592,"D"
1593,"D"
1594,"A"
1595,"C"
1596,"C"
1597,"C"
1598,"B"
1599,"B"
1600,"E"
1601,"E"
1602,"E"
1603,"C"
1604,"C"
1605,"B"
1606,"C"
1607,"C"
1608,"E"
1609,"B"
1610,"B"
1611,"D"
1612,"D"
1613,"D"
1614,"A"
1615,"A"
1616,"A"
1617,"A"
1618,"A"
1619,"B"
1620,"B"
1621,"B"
1622,"B"
1623,"B"
1624,"B"
1625,"A"
1626,"A"
1627,"A"
1628,"A"
1629,"A"
1630,"A"
1631,"B"
1632,"B"
1633,"B"
1634,"B"
1635,"B"
1636,"B"
1637,"B"
1638,"B"
1639,"B"
1640,"A"
1641,"A"
1642,"A"
1643,"B"
1644,"B"
1645,"B"
1646,"B"
1647,"A"
1648,"A"
1649,"B"
1650,"A"
1651,"E"
1652,"D"
1653,"A"
1654,"A"
1655,"A"
1656,"C"
1657,"C"
1658,"C"
1659,"B"
1660,"B"
1661,"B"
1662,"B"
1663,"B"
1664,"B"
1665,"B"
1666,"C"
1667,"B"
1668,"B"
1669,"B"
1670,"B"
1671,"B"
1672,"C"
1673,"C"
1674,"C"
1675,"C"
1676,"B"
1677,"B"
1678,"B"
1679,"B"
1680,"B"
1681,"B"
1682,"B"
1683,"B"
1684,"B"
1685,"B"
1686,"B"
1687,"B"
1688,"B"
1689,"B"
1690,"B"
1691,"B"
1692,"B"
1693,"B"
1694,"B"
1695,"B"
1696,"E"
1697,"E"
1698,"E"
1699,"E"
1700,"E"
1701,"E"
1702,"B"
1703,"E"
1704,"B"
1705,"E"
1706,"E"
1707,"B"
1708,"B"
1709,"B"
1710,"D"
1711,"D"
1712,"D"
1713,"D"
1714,"E"
1715,"E"
1716,"E"
1717,"B"
1718,"B"
1719,"B"
1720,"B"
1721,"B"
1722,"B"
1723,"B"
1724,"B"
1725,"B"
1726,"B"
1727,"B"
1728,"B"
1729,"B"
1730,"A"
1731,"B"
1732,"B"
1733,"A"
1734,"E"
1735,"E"
1736,"E"
1737,"B"
1738,"B"
1739,"B"
1740,"B"
1741,"B"
1742,"B"
1743,"B"
1744,"B"
1745,"B"
1746,"B"
1747,"B"
1748,"B"
1749,"B"
1750,"C"
1751,"B"
1752,"E"
1753,"E"
1754,"B"
1755,"B"
1756,"E"
1757,"B"
1758,"B"
1759,"B"
1760,"B"
1761,"B"
1762,"B"
1763,"B"
1764,"B"
1765,"C"
1766,"C"
1767,"B"
1768,"B"
1769,"B"
1770,"B"
1771,"B"
1772,"C"
1773,"B"
1774,"B"
1775,"B"
1776,"B"
1777,"B"
1778,"B"
1779,"B"
1780,"B"
1781,"B"
1782,"B"
1783,"B"
1784,"C"
1785,"B"
1786,"B"
1787,"B"
1788,"B"
1789,"B"
1790,"B"
1791,"B"
1792,"B"
1793,"B"
1794,"B"
1795,"B"
1796,"B"
1797,"B"
1798,"B"
1799,"B"
1800,"B"
1801,"B"
1802,"B"
1803,"B"
1804,"A"
1805,"B"
1806,"B"
1807,"B"
1808,"B"
1809,"B"
1810,"B"
1811,"B"
1812,"B"
1813,"B"
1814,"B"
1815,"B"
1816,"B"
1817,"B"
1818,"B"
1819,"B"
1820,"B"
1821,"B"
1822,"C"
1823,"C"
1824,"C"
1825,"B"
1826,"B"
1827,"B"
1828,"B"
1829,"B"
1830,"B"
1831,"B"
1832,"B"
1833,"B"
1834,"B"
1835,"B"
1836,"B"
1837,"B"
1838,"B"
1839,"B"
1840,"B"
1841,"B"
1842,"B"
1843,"B"
1844,"B"
1845,"B"
1846,"B"
1847,"B"
1848,"B"
1849,"B"
1850,"B"
1851,"B"
1852,"B"
1853,"B"
1854,"B"
1855,"B"
1856,"B"
1857,"B"
1858,"B"
1859,"B"
1860,"B"
1861,"B"
1862,"B"
1863,"B"
1864,"B"
1865,"B"
1866,"B"
1867,"B"
1868,"B"
1869,"B"
1870,"B"
1871,"B"
1872,"B"
1873,"B"
1874,"B"
1875,"B"
1876,"B"
1877,"B"
1878,"B"
1879,"B"
1880,"B"
1881,"B"
1882,"B"
1883,"B"
1884,"B"
1885,"B"
1886,"B"
1887,"B"
1888,"B"
1889,"B"
1890,"B"
1891,"B"
1892,"B"
1893,"B"
1894,"B"
1895,"B"
1896,"B"
1897,"B"
1898,"B"
1899,"B"
1900,"B"
1901,"B"
1902,"B"
1903,"B"
1904,"B"
1905,"B"
1906,"B"
1907,"B"
1908,"B"
1909,"B"
1910,"B"
1911,"A"
1912,"A"
1913,"A"
1914,"B"
1915,"B"
1916,"B"
1917,"B"
1918,"B"
1919,"B"
1920,"B"
1921,"B"
1922,"B"
1923,"B"
1924,"B"
1925,"B"
1926,"C"
1927,"C"
1928,"C"
1929,"B"
1930,"B"
1931,"B"
1932,"A"
1933,"A"
1934,"A"
1935,"A"
1936,"A"
1937,"B"
1938,"B"
1939,"B"
1940,"B"
1941,"B"
1942,"B"
1943,"B"
1944,"B"
1945,"B"
1946,"B"
1947,"B"
1948,"B"
1949,"B"
1950,"B"
1951,"B"
1952,"B"
1953,"B"
1954,"B"
1955,"B"
1956,"B"
1957,"B"
1958,"B"
1959,"B"
1960,"B"
1961,"B"
1962,"B"
1963,"D"
1964,"D"
1965,"D"
1966,"D"
1967,"D"
1968,"B"
1969,"A"
1970,"A"
1971,"A"
1972,"A"
1973,"A"
1974,"A"
1975,"A"
1976,"A"
1977,"A"
1978,"A"
1979,"A"
1980,"A"
1981,"A"
1982,"A"
1983,"A"
1984,"A"
1985,"A"
1986,"A"
1987,"A"
1988,"A"
1989,"A"
1990,"A"
1991,"A"
1992,"A"
1993,"A"
1994,"A"
1995,"A"
1996,"A"
1997,"A"
1998,"A"
1999,"A"
2000,"A"
2001,"A"
2002,"B"
2003,"B"
2004,"B"
2005,"B"
2006,"B"
2007,"B"
2008,"B"
2009,"B"
2010,"B"
2011,"B"
2012,"B"
2013,"D"
2014,"A"
2015,"A"
2016,"A"
2017,"A"
2018,"A"
2019,"A"
2020,"B"
2021,"B"
2022,"B"
2023,"B"
2024,"B"
2025,"B"
2026,"B"
2027,"B"
2028,"B"
2029,"B"
2030,"B"
2031,"B"
2032,"B"
2033,"B"
2034,"A"
2035,"B"
2036,"B"
2037,"B"
2038,"B"
2039,"B"
2040,"B"
2041,"B"
2042,"B"
2043,"B"
2044,"B"
2045,"B"
2046,"B"
2047,"B"
2048,"E"
2049,"B"
2050,"B"
2051,"B"
2052,"B"
2053,"B"
2054,"B"
2055,"B"
2056,"B"
2057,"B"
2058,"B"
2059,"B"
2060,"B"
2061,"B"
2062,"B"
2063,"B"
2064,"B"
2065,"B"
2066,"B"
2067,"B"
2068,"B"
2069,"B"
2070,"B"
2071,"B"
2072,"B"
2073,"B"
2074,"B"
2075,"B"
2076,"B"
2077,"B"
2078,"B"
2079,"B"
2080,"B"
2081,"B"
2082,"B"
2083,"B"
2084,"B"
2085,"B"
2086,"B"
2087,"B"
2088,"B"
2089,"B"
2090,"B"
2091,"B"
2092,"B"
2093,"B"
2094,"B"
2095,"B"
2096,"B"
2097,"B"
2098,"B"
2099,"B"
2100,"B"
2101,"B"
2102,"B"
2103,"B"
2104,"B"
2105,"B"
2106,"B"
2107,"B"
2108,"D"
2109,"D"
2110,"A"
2111,"A"
2112,"A"
2113,"A"
2114,"A"
2115,"A"
2116,"D"
2117,"D"
2118,"D"
2119,"D"
2120,"B"
2121,"B"
2122,"B"
2123,"B"
2124,"B"
2125,"B"
2126,"B"
2127,"D"
2128,"D"
2129,"B"
2130,"B"
2131,"D"
2132,"C"
2133,"D"
2134,"D"
2135,"D"
2136,"D"
2137,"D"
2138,"B"
2139,"B"
2140,"B"
2141,"B"
2142,"B"
2143,"B"
2144,"B"
2145,"B"
2146,"B"
2147,"B"
2148,"B"
2149,"D"
2150,"D"
2151,"D"
2152,"D"
2153,"D"
2154,"D"
2155,"D"
2156,"A"
2157,"A"
2158,"A"
2159,"A"
2160,"B"
2161,"B"
2162,"B"
2163,"B"
2164,"A"
2165,"A"
2166,"B"
2167,"B"
2168,"B"
2169,"B"
2170,"B"
2171,"B"
2172,"B"
2173,"B"
2174,"B"
2175,"B"
2176,"D"
2177,"D"
2178,"D"
2179,"B"
2180,"B"
2181,"B"
2182,"A"
2183,"A"
2184,"B"
2185,"B"
2186,"B"
2187,"B"
2188,"B"
2189,"B"
2190,"B"
2191,"B"
2192,"B"
2193,"B"
2194,"B"
2195,"B"
2196,"B"
2197,"A"
2198,"A"
2199,"A"
2200,"D"
2201,"D"
2202,"B"
2203,"B"
2204,"B"
2205,"B"
2206,"B"
2207,"B"
2208,"B"
2209,"B"
2210,"B"
2211,"B"
2212,"C"
2213,"B"
2214,"B"
2215,"B"
2216,"B"
2217,"B"
2218,"B"
2219,"B"
2220,"B"
2221,"B"
2222,"B"
2223,"A"
2224,"B"
2225,"B"
2226,"B"
2227,"E"
2228,"E"
2229,"E"
2230,"E"
2231,"E"
2232,"A"
2233,"A"
2234,"B"
2235,"B"
2236,"B"
2237,"B"
2238,"B"
2239,"B"
2240,"B"
2241,"B"
2242,"B"
2243,"D"
2244,"D"
2245,"D"
2246,"D"
2247,"B"
2248,"B"
2249,"E"
2250,"B"
2251,"B"
2252,"B"
2253,"B"
2254,"B"
2255,"B"
2256,"D"
2257,"D"
2258,"E"
2259,"C"
2260,"C"
2261,"C"
2262,"C"
2263,"C"
2264,"C"
2265,"B"
2266,"E"
2267,"E"
2268,"B"
2269,"C"
2270,"C"
2271,"C"
2272,"C"
2273,"C"
2274,"C"
2275,"C"
2276,"C"
2277,"A"
2278,"A"
2279,"C"
2280,"C"
2281,"C"
2282,"A"
2283,"C"
2284,"C"
2285,"A"
2286,"A"
2287,"A"
2288,"A"
2289,"A"
2290,"A"
2291,"B"
2292,"B"
2293,"B"
2294,"E"
2295,"E"
2296,"E"
2297,"E"
2298,"B"
2299,"E"
2300,"E"
2301,"D"
2302,"D"
2303,"B"
2304,"B"
2305,"B"
2306,"B"
2307,"B"
2308,"B"
2309,"B"
2310,"B"
2311,"B"
2312,"B"
2313,"B"
2314,"B"
2315,"B"
2316,"B"
2317,"B"
2318,"B"
2319,"B"
2320,"B"
2321,"B"
2322,"B"
2323,"B"
2324,"B"
2325,"C"
2326,"C"
2327,"C"
2328,"C"
2329,"B"
2330,"B"
2331,"E"
2332,"B"
2333,"B"
2334,"B"
2335,"B"
2336,"B"
2337,"B"
2338,"A"
2339,"A"
2340,"A"
2341,"A"
2342,"A"
2343,"A"
2344,"A"
2345,"C"
2346,"C"
2347,"C"
2348,"C"
2349,"C"
2350,"C"
2351,"C"
2352,"C"
2353,"C"
2354,"C"
2355,"C"
2356,"C"
2357,"C"
2358,"C"
2359,"C"
2360,"C"
2361,"C"
2362,"C"
2363,"C"
2364,"C"
2365,"C"
2366,"C"
2367,"C"
2368,"C"
2369,"C"
2370,"C"
2371,"C"
2372,"C"
2373,"C"
2374,"C"
2375,"C"
2376,"C"
2377,"C"
2378,"C"
2379,"C"
2380,"C"
2381,"C"
2382,"C"
2383,"C"
2384,"C"
2385,"C"
2386,"C"
2387,"C"
2388,"C"
2389,"C"
2390,"C"
2391,"C"
2392,"C"
2393,"C"
2394,"C"
2395,"C"
2396,"C"
2397,"C"
2398,"C"
2399,"C"
2400,"C"
2401,"C"
2402,"C"
2403,"C"
2404,"C"
2405,"C"
2406,"C"
2407,"C"
2408,"C"
2409,"C"
2410,"C"
2411,"C"
2412,"C"
2413,"C"
2414,"C"
2415,"C"
2416,"C"
2417,"C"
2418,"C"
2419,"C"
2420,"C"
2421,"C"
2422,"C"
2423,"C"
2424,"C"
2425,"C"
2426,"C"
2427,"C"
2428,"C"
2429,"C"
2430,"C"
2431,"C"
2432,"C"
2433,"C"
2434,"C"
2435,"C"
2436,"C"
2437,"C"
2438,"C"
2439,"C"
2440,"C"
2441,"C"
2442,"C"
2443,"C"
2444,"C"
2445,"C"
2446,"C"
2447,"C"
2448,"C"
2449,"C"
2450,"C"
2451,"C"
2452,"C"
2453,"C"
2454,"C"
2455,"C"
2456,"C"
2457,"C"
2458,"C"
2459,"C"
2460,"C"
2461,"C"
2462,"C"
2463,"C"
2464,"C"
2465,"C"
2466,"C"
2467,"C"
2468,"C"
2469,"C"
2470,"C"
2471,"C"
2472,"C"
2473,"C"
2474,"C"
2475,"C"
2476,"C"
2477,"C"
2478,"C"
2479,"C"
2480,"C"
2481,"C"
2482,"C"
2483,"C"
2484,"C"
2485,"C"
2486,"C"
2487,"C"
2488,"C"
2489,"C"
2490,"C"
2491,"C"
2492,"C"
2493,"C"
2494,"C"
2495,"C"
2496,"C"
2497,"C"
2498,"C"
2499,"C"
2500,"C"
2501,"C"
2502,"C"
2503,"C"
2504,"C"
2505,"C"
2506,"C"
2507,"C"
2508,"C"
2509,"C"
2510,"C"
2511,"C"
2512,"C"
2513,"C"
2514,"C"
2515,"C"
2516,"C"
2517,"C"
2518,"C"
2519,"C"
2520,"C"
2521,"C"
2522,"C"
2523,"C"
2524,"C"
2525,"C"
2526,"C"
2527,"C"
2528,"C"
2529,"C"
2530,"C"
2531,"C"
2532,"C"
2533,"A"
2534,"C"
2535,"C"
2536,"C"
2537,"C"
2538,"C"
2539,"C"
2540,"C"
2541,"C"
2542,"C"
2543,"C"
2544,"C"
2545,"C"
2546,"C"
2547,"C"
2548,"A"
2549,"C"
2550,"C"
2551,"C"
2552,"C"
2553,"C"
2554,"C"
2555,"C"
2556,"C"
2557,"C"
2558,"C"
2559,"C"
2560,"D"
2561,"D"
2562,"D"
2563,"C"
2564,"C"
2565,"C"
2566,"C"
2567,"C"
2568,"C"
2569,"C"
2570,"C"
2571,"C"
2572,"C"
2573,"C"
2574,"C"
2575,"C"
2576,"C"
2577,"C"
2578,"C"
2579,"C"
2580,"C"
2581,"C"
2582,"C"
2583,"C"
2584,"C"
2585,"C"
2586,"C"
2587,"C"
2588,"C"
2589,"C"
2590,"C"
2591,"C"
2592,"C"
2593,"C"
2594,"C"
2595,"C"
2596,"C"
2597,"C"
2598,"C"
2599,"C"
2600,"C"
2601,"C"
2602,"C"
2603,"C"
2604,"C"
2605,"C"
2606,"C"
2607,"C"
2608,"C"
2609,"C"
2610,"C"
2611,"C"
2612,"C"
2613,"C"
2614,"C"
2615,"C"
2616,"C"
2617,"C"
2618,"C"
2619,"C"
2620,"C"
2621,"C"
2622,"C"
2623,"C"
2624,"C"
2625,"C"
2626,"C"
2627,"C"
2628,"C"
2629,"C"
2630,"C"
2631,"C"
2632,"C"
2633,"C"
2634,"C"
2635,"C"
2636,"C"
2637,"D"
2638,"C"
2639,"C"
2640,"C"
2641,"C"
2642,"C"
2643,"C"
2644,"C"
2645,"C"
2646,"C"
2647,"C"
2648,"D"
2649,"D"
2650,"C"
2651,"C"
2652,"C"
2653,"C"
2654,"C"
2655,"C"
2656,"C"
2657,"C"
2658,"D"
2659,"D"
2660,"D"
2661,"D"
2662,"D"
2663,"D"
2664,"C"
2665,"C"
2666,"C"
2667,"C"
2668,"C"
2669,"B"
2670,"B"
2671,"B"
2672,"B"
2673,"B"
2674,"B"
2675,"B"
2676,"B"
2677,"B"
2678,"B"
2679,"B"
2680,"C"
2681,"C"
2682,"C"
2683,"C"
2684,"C"
2685,"C"
2686,"C"
2687,"C"
2688,"C"
2689,"C"
2690,"C"
2691,"C"
2692,"C"
2693,"C"
2694,"C"
2695,"C"
2696,"C"
2697,"C"
2698,"C"
2699,"C"
2700,"C"
2701,"C"
2702,"C"
2703,"C"
2704,"C"
2705,"C"
2706,"C"
2707,"D"
2708,"C"
2709,"C"
2710,"B"
2711,"B"
2712,"B"
2713,"C"
2714,"C"
2715,"C"
2716,"C"
2717,"C"
2718,"C"
2719,"E"
2720,"E"
2721,"C"
2722,"D"
2723,"E"
2724,"E"
2725,"E"
2726,"E"
2727,"B"
2728,"C"
2729,"C"
2730,"C"
2731,"C"
2732,"C"
2733,"B"
2734,"C"
2735,"B"
2736,"B"
2737,"B"
2738,"E"
2739,"E"
2740,"E"
2741,"C"
2742,"C"
2743,"C"
2744,"C"
2745,"C"
2746,"C"
2747,"B"
2748,"B"
2749,"B"
2750,"E"
2751,"E"
2752,"E"
2753,"E"
2754,"C"
2755,"C"
2756,"B"
2757,"A"
2758,"E"
2759,"C"
2760,"C"
2761,"C"
2762,"C"
2763,"B"
2764,"B"
2765,"B"
2766,"B"
2767,"E"
2768,"E"
2769,"C"
2770,"C"
2771,"B"
2772,"B"
2773,"D"
2774,"D"
2775,"D"
2776,"A"
2777,"E"
2778,"B"
2779,"C"
2780,"D"
2781,"D"
2782,"C"
2783,"C"
2784,"C"
2785,"C"
2786,"C"
2787,"E"
2788,"B"
2789,"B"
2790,"B"
2791,"B"
2792,"B"
2793,"D"
2794,"B"
2795,"B"
2796,"C"
2797,"C"
2798,"C"
2799,"C"
2800,"C"
2801,"C"
2802,"C"
2803,"C"
2804,"C"
2805,"A"
2806,"B"
2807,"B"
2808,"B"
2809,"B"
2810,"B"
2811,"B"
2812,"B"
2813,"B"
2814,"B"
2815,"B"
2816,"B"
2817,"B"
2818,"B"
2819,"B"
2820,"B"
2821,"B"
2822,"B"
2823,"B"
2824,"B"
2825,"B"
2826,"B"
2827,"C"
2828,"C"
2829,"C"
2830,"C"
2831,"C"
2832,"C"
2833,"C"
2834,"A"
2835,"A"
2836,"C"
2837,"C"
2838,"C"
2839,"C"
2840,"C"
2841,"C"
2842,"C"
2843,"C"
2844,"C"
2845,"C"
2846,"C"
2847,"C"
2848,"C"
2849,"C"
2850,"C"
2851,"C"
2852,"C"
2853,"C"
2854,"C"
2855,"C"
2856,"C"
2857,"C"
2858,"C"
2859,"C"
2860,"C"
2861,"C"
2862,"C"
2863,"C"
2864,"C"
2865,"C"
2866,"C"
2867,"C"
2868,"C"
2869,"C"
2870,"C"
2871,"C"
2872,"C"
2873,"C"
2874,"C"
2875,"C"
2876,"C"
2877,"C"
2878,"C"
2879,"C"
2880,"C"
2881,"C"
2882,"C"
2883,"C"
2884,"C"
2885,"C"
2886,"C"
2887,"C"
2888,"C"
2889,"C"
2890,"C"
2891,"C"
2892,"C"
2893,"C"
2894,"C"
2895,"C"
2896,"C"
2897,"C"
2898,"C"
2899,"C"
2900,"C"
2901,"C"
2902,"C"
2903,"C"
2904,"C"
2905,"C"
2906,"C"
2907,"C"
2908,"C"
2909,"C"
2910,"C"
2911,"C"
2912,"C"
2913,"C"
2914,"C"
2915,"C"
2916,"C"
2917,"C"
2918,"C"
2919,"C"
2920,"C"
2921,"C"
2922,"C"
2923,"C"
2924,"C"
2925,"C"
2926,"C"
2927,"C"
2928,"C"
2929,"C"
2930,"D"
2931,"B"
2932,"B"
2933,"B"
2934,"B"
2935,"D"
2936,"D"
2937,"B"
2938,"B"
2939,"B"
2940,"D"
2941,"D"
2942,"D"
2943,"D"
2944,"D"
2945,"D"
2946,"D"
2947,"D"
2948,"D"
2949,"D"
2950,"D"
2951,"D"
2952,"D"
2953,"D"
2954,"D"
2955,"D"
2956,"D"
2957,"D"
2958,"D"
2959,"D"
2960,"D"
2961,"C"
2962,"C"
2963,"C"
2964,"C"
2965,"C"
2966,"C"
2967,"C"
2968,"C"
2969,"C"
2970,"C"
2971,"C"
2972,"C"
2973,"C"
2974,"C"
2975,"C"
2976,"C"
2977,"C"
2978,"C"
2979,"C"
2980,"C"
2981,"D"
2982,"C"
2983,"C"
2984,"C"
2985,"C"
2986,"D"
2987,"C"
2988,"B"
2989,"B"
2990,"B"
2991,"B"
2992,"B"
2993,"D"
2994,"D"
2995,"D"
2996,"C"
2997,"C"
2998,"C"
2999,"C"
3000,"C"
3001,"C"
3002,"C"
3003,"C"
3004,"C"
3005,"C"
3006,"C"
3007,"C"
3008,"C"
3009,"C"
3010,"C"
3011,"C"
3012,"C"
3013,"C"
3014,"C"
3015,"C"
3016,"C"
3017,"C"
3018,"C"
3019,"C"
3020,"C"
3021,"C"
3022,"C"
3023,"C"
3024,"C"
3025,"C"
3026,"C"
3027,"C"
3028,"C"
3029,"D"
3030,"C"
3031,"C"
3032,"C"
3033,"C"
3034,"C"
3035,"C"
3036,"C"
3037,"C"
3038,"C"
3039,"C"
3040,"C"
3041,"C"
3042,"C"
3043,"C"
3044,"D"
3045,"C"
3046,"C"
3047,"C"
3048,"C"
3049,"C"
3050,"C"
3051,"C"
3052,"C"
3053,"C"
3054,"C"
3055,"C"
3056,"C"
3057,"C"
3058,"C"
3059,"C"
3060,"C"
3061,"C"
3062,"C"
3063,"A"
3064,"C"
3065,"C"
3066,"C"
3067,"C"
3068,"A"
3069,"C"
3070,"A"
3071,"A"
3072,"C"
3073,"C"
3074,"A"
3075,"A"
3076,"C"
3077,"A"
3078,"C"
3079,"C"
3080,"C"
3081,"C"
3082,"C"
3083,"A"
3084,"C"
3085,"C"
3086,"C"
3087,"C"
3088,"C"
3089,"C"
3090,"C"
3091,"C"
3092,"C"
3093,"C"
3094,"C"
3095,"C"
3096,"C"
3097,"C"
3098,"C"
3099,"C"
3100,"C"
3101,"C"
3102,"C"
3103,"C"
3104,"C"
3105,"C"
3106,"C"
3107,"C"
3108,"C"
3109,"C"
3110,"C"
3111,"C"
3112,"C"
3113,"C"
3114,"C"
3115,"C"
3116,"C"
3117,"C"
3118,"C"
3119,"C"
3120,"C"
3121,"C"
3122,"C"
3123,"C"
3124,"C"
3125,"C"
3126,"C"
3127,"C"
3128,"C"
3129,"C"
3130,"C"
3131,"C"
3132,"C"
3133,"C"
3134,"C"
3135,"C"
3136,"B"
3137,"B"
3138,"C"
3139,"C"
3140,"B"
3141,"B"
3142,"C"
3143,"C"
3144,"C"
3145,"C"
3146,"B"
3147,"C"
3148,"C"
3149,"C"
3150,"C"
3151,"C"
3152,"C"
3153,"C"
3154,"C"
3155,"C"
3156,"C"
3157,"C"
3158,"C"
3159,"C"
3160,"C"
3161,"C"
3162,"C"
3163,"C"
3164,"C"
3165,"C"
3166,"C"
3167,"C"
3168,"C"
3169,"C"
3170,"C"
3171,"C"
3172,"C"
3173,"C"
3174,"C"
3175,"C"
3176,"C"
3177,"C"
3178,"C"
3179,"C"
3180,"C"
3181,"C"
3182,"C"
3183,"C"
3184,"C"
3185,"C"
3186,"C"
3187,"C"
3188,"C"
3189,"C"
3190,"C"
3191,"C"
3192,"C"
3193,"C"
3194,"C"
3195,"C"
3196,"C"
3197,"C"
3198,"C"
3199,"C"
3200,"D"
3201,"D"
3202,"D"
3203,"D"
3204,"D"
3205,"D"
3206,"D"
3207,"D"
3208,"A"
3209,"D"
3210,"D"
3211,"D"
3212,"D"
3213,"D"
3214,"D"
3215,"D"
3216,"D"
3217,"D"
3218,"D"
3219,"D"
3220,"D"
3221,"D"
3222,"D"
3223,"D"
3224,"D"
3225,"B"
3226,"D"
3227,"D"
3228,"D"
3229,"D"
3230,"D"
3231,"D"
3232,"D"
3233,"D"
3234,"D"
3235,"D"
3236,"D"
3237,"D"
3238,"D"
3239,"C"
3240,"C"
3241,"C"
3242,"A"
3243,"A"
3244,"A"
3245,"A"
3246,"A"
3247,"A"
3248,"A"
3249,"A"
3250,"A"
3251,"B"
3252,"A"
3253,"A"
3254,"A"
3255,"A"
3256,"A"
3257,"A"
3258,"A"
3259,"C"
3260,"B"
3261,"B"
3262,"B"
3263,"B"
3264,"C"
3265,"C"
3266,"C"
3267,"C"
3268,"C"
3269,"C"
3270,"C"
3271,"C"
3272,"C"
3273,"C"
3274,"C"
3275,"C"
3276,"C"
3277,"B"
3278,"B"
3279,"B"
3280,"B"
3281,"B"
3282,"C"
3283,"C"
3284,"C"
3285,"C"
3286,"C"
3287,"C"
3288,"C"
3289,"C"
3290,"C"
3291,"C"
3292,"C"
3293,"C"
3294,"C"
3295,"C"
3296,"C"
3297,"B"
3298,"B"
3299,"C"
3300,"C"
3301,"C"
3302,"C"
3303,"C"
3304,"C"
3305,"C"
3306,"C"
3307,"C"
3308,"C"
3309,"C"
3310,"C"
3311,"C"
3312,"C"
3313,"C"
3314,"B"
3315,"B"
3316,"C"
3317,"C"
3318,"C"
3319,"C"
3320,"C"
3321,"C"
3322,"C"
3323,"B"
3324,"B"
3325,"B"
3326,"A"
3327,"B"
3328,"B"
3329,"B"
3330,"C"
3331,"C"
3332,"C"
3333,"B"
3334,"B"
3335,"B"
3336,"B"
3337,"C"
3338,"D"
3339,"D"
3340,"D"
3341,"D"
3342,"D"
3343,"D"
3344,"D"
3345,"D"
3346,"D"
3347,"D"
3348,"D"
3349,"D"
3350,"D"
3351,"D"
3352,"D"
3353,"D"
3354,"D"
3355,"D"
3356,"D"
3357,"D"
3358,"D"
3359,"D"
3360,"D"
3361,"D"
3362,"D"
3363,"D"
3364,"D"
3365,"D"
3366,"D"
3367,"D"
3368,"D"
3369,"D"
3370,"D"
3371,"D"
3372,"D"
3373,"D"
3374,"D"
3375,"D"
3376,"D"
3377,"D"
3378,"D"
3379,"D"
3380,"D"
3381,"D"
3382,"D"
3383,"D"
3384,"D"
3385,"D"
3386,"D"
3387,"D"
3388,"D"
3389,"D"
3390,"D"
3391,"D"
3392,"D"
3393,"D"
3394,"D"
3395,"D"
3396,"D"
3397,"D"
3398,"D"
3399,"D"
3400,"D"
3401,"D"
3402,"D"
3403,"D"
3404,"D"
3405,"D"
3406,"D"
3407,"D"
3408,"D"
3409,"D"
3410,"D"
3411,"D"
3412,"D"
3413,"C"
3414,"C"
3415,"C"
3416,"C"
3417,"D"
3418,"D"
3419,"C"
3420,"D"
3421,"D"
3422,"C"
3423,"A"
3424,"A"
3425,"C"
3426,"C"
3427,"A"
3428,"A"
3429,"A"
3430,"D"
3431,"D"
3432,"D"
3433,"D"
3434,"D"
3435,"D"
3436,"D"
3437,"D"
3438,"D"
3439,"D"
3440,"D"
3441,"D"
3442,"D"
3443,"D"
3444,"E"
3445,"C"
3446,"C"
3447,"C"
3448,"C"
3449,"C"
3450,"C"
3451,"C"
3452,"D"
3453,"D"
3454,"A"
3455,"D"
3456,"D"
3457,"D"
3458,"D"
3459,"D"
3460,"D"
3461,"D"
3462,"D"
3463,"D"
3464,"D"
3465,"D"
3466,"E"
3467,"E"
3468,"E"
3469,"C"
3470,"C"
3471,"C"
3472,"D"
3473,"D"
3474,"D"
3475,"C"
3476,"E"
3477,"E"
3478,"E"
3479,"E"
3480,"D"
3481,"D"
3482,"D"
3483,"D"
3484,"D"
3485,"D"
3486,"D"
3487,"E"
3488,"E"
3489,"E"
3490,"E"
3491,"E"
3492,"D"
3493,"D"
3494,"D"
3495,"E"
3496,"E"
3497,"E"
3498,"E"
3499,"D"
3500,"E"
3501,"D"
3502,"E"
3503,"E"
3504,"E"
3505,"E"
3506,"E"
3507,"E"
3508,"E"
3509,"E"
3510,"E"
3511,"E"
3512,"E"
3513,"E"
3514,"E"
3515,"E"
3516,"E"
3517,"E"
3518,"E"
3519,"E"
3520,"D"
3521,"C"
3522,"E"
3523,"B"
3524,"B"
3525,"B"
3526,"D"
3527,"D"
3528,"D"
3529,"D"
3530,"D"
3531,"D"
3532,"E"
3533,"E"
3534,"E"
3535,"E"
3536,"E"
3537,"E"
3538,"E"
3539,"E"
3540,"B"
3541,"B"
3542,"B"
3543,"B"
3544,"B"
3545,"B"
3546,"B"
3547,"E"
3548,"E"
3549,"E"
3550,"E"
3551,"E"
3552,"E"
3553,"D"
3554,"D"
3555,"B"
3556,"D"
3557,"B"
3558,"B"
3559,"D"
3560,"D"
3561,"D"
3562,"D"
3563,"D"
3564,"D"
3565,"D"
3566,"D"
3567,"A"
3568,"D"
3569,"D"
3570,"B"
3571,"B"
3572,"D"
3573,"D"
3574,"D"
3575,"D"
3576,"D"
3577,"D"
3578,"D"
3579,"D"
3580,"D"
3581,"D"
3582,"D"
3583,"D"
3584,"D"
3585,"D"
3586,"D"
3587,"D"
3588,"D"
3589,"D"
3590,"A"
3591,"D"
3592,"D"
3593,"D"
3594,"D"
3595,"C"
3596,"D"
3597,"D"
3598,"C"
3599,"C"
3600,"C"
3601,"C"
3602,"D"
3603,"D"
3604,"D"
3605,"D"
3606,"D"
3607,"D"
3608,"D"
3609,"D"
3610,"B"
3611,"B"
3612,"B"
3613,"D"
3614,"D"
3615,"D"
3616,"D"
3617,"D"
3618,"D"
3619,"D"
3620,"D"
3621,"D"
3622,"D"
3623,"D"
3624,"D"
3625,"D"
3626,"D"
3627,"D"
3628,"D"
3629,"D"
3630,"D"
3631,"D"
3632,"D"
3633,"D"
3634,"D"
3635,"D"
3636,"D"
3637,"D"
3638,"D"
3639,"D"
3640,"E"
3641,"B"
3642,"D"
3643,"D"
3644,"D"
3645,"D"
3646,"D"
3647,"D"
3648,"D"
3649,"D"
3650,"D"
3651,"D"
3652,"D"
3653,"D"
3654,"E"
3655,"D"
3656,"D"
3657,"D"
3658,"D"
3659,"D"
3660,"D"
3661,"D"
3662,"D"
3663,"D"
3664,"D"
3665,"D"
3666,"D"
3667,"D"
3668,"D"
3669,"D"
3670,"D"
3671,"D"
3672,"D"
3673,"D"
3674,"D"
3675,"D"
3676,"D"
3677,"D"
3678,"D"
3679,"D"
3680,"D"
3681,"D"
3682,"D"
3683,"D"
3684,"D"
3685,"D"
3686,"D"
3687,"D"
3688,"D"
3689,"D"
3690,"D"
3691,"D"
3692,"D"
3693,"D"
3694,"D"
3695,"D"
3696,"D"
3697,"D"
3698,"D"
3699,"D"
3700,"D"
3701,"D"
3702,"D"
3703,"D"
3704,"D"
3705,"D"
3706,"D"
3707,"D"
3708,"D"
3709,"D"
3710,"D"
3711,"D"
3712,"D"
3713,"D"
3714,"D"
3715,"D"
3716,"D"
3717,"D"
3718,"D"
3719,"D"
3720,"D"
3721,"D"
3722,"D"
3723,"D"
3724,"D"
3725,"D"
3726,"D"
3727,"D"
3728,"D"
3729,"D"
3730,"D"
3731,"D"
3732,"D"
3733,"D"
3734,"D"
3735,"D"
3736,"D"
3737,"D"
3738,"D"
3739,"D"
3740,"D"
3741,"D"
3742,"D"
3743,"D"
3744,"D"
3745,"D"
3746,"D"
3747,"D"
3748,"D"
3749,"D"
3750,"D"
3751,"D"
3752,"D"
3753,"D"
3754,"D"
3755,"D"
3756,"D"
3757,"D"
3758,"D"
3759,"D"
3760,"D"
3761,"D"
3762,"D"
3763,"D"
3764,"D"
3765,"D"
3766,"D"
3767,"D"
3768,"D"
3769,"D"
3770,"D"
3771,"D"
3772,"B"
3773,"A"
3774,"A"
3775,"A"
3776,"A"
3777,"A"
3778,"A"
3779,"A"
3780,"A"
3781,"A"
3782,"A"
3783,"A"
3784,"A"
3785,"A"
3786,"A"
3787,"A"
3788,"A"
3789,"A"
3790,"A"
3791,"A"
3792,"D"
3793,"D"
3794,"D"
3795,"D"
3796,"D"
3797,"D"
3798,"D"
3799,"D"
3800,"D"
3801,"D"
3802,"D"
3803,"D"
3804,"D"
3805,"D"
3806,"D"
3807,"D"
3808,"D"
3809,"D"
3810,"D"
3811,"D"
3812,"D"
3813,"D"
3814,"D"
3815,"D"
3816,"D"
3817,"D"
3818,"D"
3819,"D"
3820,"D"
3821,"D"
3822,"D"
3823,"D"
3824,"D"
3825,"D"
3826,"C"
3827,"C"
3828,"D"
3829,"D"
3830,"D"
3831,"D"
3832,"D"
3833,"D"
3834,"C"
3835,"C"
3836,"C"
3837,"C"
3838,"D"
3839,"C"
3840,"D"
3841,"A"
3842,"A"
3843,"C"
3844,"A"
3845,"C"
3846,"D"
3847,"A"
3848,"A"
3849,"A"
3850,"A"
3851,"A"
3852,"A"
3853,"A"
3854,"A"
3855,"D"
3856,"D"
3857,"D"
3858,"D"
3859,"D"
3860,"D"
3861,"D"
3862,"D"
3863,"D"
3864,"D"
3865,"D"
3866,"D"
3867,"D"
3868,"D"
3869,"D"
3870,"D"
3871,"D"
3872,"D"
3873,"D"
3874,"D"
3875,"D"
3876,"D"
3877,"D"
3878,"D"
3879,"D"
3880,"D"
3881,"D"
3882,"D"
3883,"D"
3884,"D"
3885,"D"
3886,"D"
3887,"D"
3888,"D"
3889,"D"
3890,"D"
3891,"D"
3892,"D"
3893,"D"
3894,"D"
3895,"D"
3896,"D"
3897,"D"
3898,"D"
3899,"D"
3900,"D"
3901,"D"
3902,"A"
3903,"D"
3904,"D"
3905,"D"
3906,"D"
3907,"D"
3908,"D"
3909,"D"
3910,"A"
3911,"A"
3912,"A"
3913,"D"
3914,"D"
3915,"D"
3916,"D"
3917,"D"
3918,"D"
3919,"D"
3920,"D"
3921,"D"
3922,"D"
3923,"D"
3924,"D"
3925,"D"
3926,"D"
3927,"D"
3928,"D"
3929,"D"
3930,"E"
3931,"E"
3932,"E"
3933,"E"
3934,"E"
3935,"D"
3936,"D"
3937,"D"
3938,"D"
3939,"D"
3940,"D"
3941,"D"
3942,"D"
3943,"D"
3944,"D"
3945,"C"
3946,"C"
3947,"C"
3948,"C"
3949,"C"
3950,"D"
3951,"D"
3952,"D"
3953,"D"
3954,"D"
3955,"D"
3956,"D"
3957,"D"
3958,"D"
3959,"C"
3960,"C"
3961,"C"
3962,"C"
3963,"C"
3964,"B"
3965,"B"
3966,"B"
3967,"B"
3968,"B"
3969,"B"
3970,"B"
3971,"B"
3972,"C"
3973,"C"
3974,"C"
3975,"C"
3976,"C"
3977,"C"
3978,"C"
3979,"C"
3980,"C"
3981,"B"
3982,"B"
3983,"C"
3984,"C"
3985,"C"
3986,"B"
3987,"B"
3988,"B"
3989,"C"
3990,"C"
3991,"C"
3992,"D"
3993,"D"
3994,"D"
3995,"D"
3996,"D"
3997,"D"
3998,"D"
3999,"B"
4000,"B"
4001,"D"
4002,"D"
4003,"A"
4004,"E"
4005,"E"
4006,"E"
4007,"E"
4008,"E"
4009,"E"
4010,"E"
4011,"E"
4012,"B"
4013,"A"
4014,"A"
4015,"A"
4016,"A"
4017,"A"
4018,"A"
4019,"A"
4020,"B"
4021,"E"
4022,"E"
4023,"E"
4024,"E"
4025,"E"
4026,"E"
4027,"E"
4028,"E"
4029,"E"
4030,"E"
4031,"E"
4032,"E"
4033,"E"
4034,"E"
4035,"E"
4036,"E"
4037,"E"
4038,"E"
4039,"E"
4040,"E"
4041,"E"
4042,"E"
4043,"E"
4044,"E"
4045,"E"
4046,"E"
4047,"E"
4048,"E"
4049,"E"
4050,"E"
4051,"E"
4052,"E"
4053,"E"
4054,"E"
4055,"B"
4056,"B"
4057,"B"
4058,"B"
4059,"D"
4060,"D"
4061,"D"
4062,"D"
4063,"C"
4064,"E"
4065,"B"
4066,"B"
4067,"B"
4068,"B"
4069,"B"
4070,"B"
4071,"E"
4072,"E"
4073,"E"
4074,"E"
4075,"E"
4076,"D"
4077,"D"
4078,"A"
4079,"E"
4080,"E"
4081,"E"
4082,"B"
4083,"B"
4084,"E"
4085,"E"
4086,"E"
4087,"E"
4088,"E"
4089,"E"
4090,"E"
4091,"E"
4092,"C"
4093,"C"
4094,"C"
4095,"B"
4096,"A"
4097,"E"
4098,"B"
4099,"E"
4100,"E"
4101,"E"
4102,"E"
4103,"E"
4104,"E"
4105,"E"
4106,"B"
4107,"C"
4108,"B"
4109,"A"
4110,"B"
4111,"B"
4112,"B"
4113,"B"
4114,"B"
4115,"B"
4116,"B"
4117,"E"
4118,"E"
4119,"E"
4120,"E"
4121,"B"
4122,"B"
4123,"B"
4124,"B"
4125,"B"
4126,"B"
4127,"B"
4128,"B"
4129,"B"
4130,"E"
4131,"E"
4132,"D"
4133,"D"
4134,"C"
4135,"C"
4136,"C"
4137,"C"
4138,"C"
4139,"E"
4140,"B"
4141,"B"
4142,"B"
4143,"E"
4144,"E"
4145,"E"
4146,"E"
4147,"A"
4148,"D"
4149,"D"
4150,"B"
4151,"C"
4152,"C"
4153,"E"
4154,"E"
4155,"E"
4156,"E"
4157,"E"
4158,"D"
4159,"E"
4160,"C"
4161,"C"
4162,"C"
4163,"C"
4164,"C"
4165,"C"
4166,"C"
4167,"C"
4168,"E"
4169,"E"
4170,"B"
4171,"B"
4172,"E"
4173,"E"
4174,"E"
4175,"E"
4176,"E"
4177,"E"
4178,"E"
4179,"E"
4180,"E"
4181,"C"
4182,"C"
4183,"C"
4184,"C"
4185,"E"
4186,"C"
4187,"C"
4188,"C"
4189,"B"
4190,"B"
4191,"B"
4192,"C"
4193,"C"
4194,"C"
4195,"C"
4196,"C"
4197,"C"
4198,"C"
4199,"C"
4200,"C"
4201,"C"
4202,"E"
4203,"B"
4204,"C"
4205,"C"
4206,"C"
4207,"E"
4208,"E"
4209,"E"
4210,"E"
4211,"E"
4212,"E"
4213,"E"
4214,"B"
4215,"B"
4216,"B"
4217,"C"
4218,"E"
4219,"E"
4220,"E"
4221,"E"
4222,"B"
4223,"C"
4224,"C"
4225,"D"
4226,"E"
4227,"E"
4228,"E"
4229,"E"
4230,"E"
4231,"E"
4232,"E"
4233,"E"
4234,"D"
4235,"D"
4236,"D"
4237,"D"
4238,"D"
4239,"D"
4240,"E"
4241,"E"
4242,"E"
4243,"E"
4244,"E"
4245,"E"
4246,"E"
4247,"E"
4248,"E"
4249,"E"
4250,"E"
4251,"E"
4252,"E"
4253,"E"
4254,"E"
4255,"E"
4256,"E"
4257,"E"
4258,"E"
4259,"E"
4260,"E"
4261,"E"
4262,"E"
4263,"E"
4264,"E"
4265,"E"
4266,"E"
4267,"E"
4268,"E"
4269,"E"
4270,"E"
4271,"E"
4272,"E"
4273,"E"
4274,"E"
4275,"E"
4276,"E"
4277,"E"
4278,"E"
4279,"E"
4280,"E"
4281,"E"
4282,"E"
4283,"E"
4284,"A"
4285,"A"
4286,"A"
4287,"E"
4288,"B"
4289,"B"
4290,"E"
4291,"E"
4292,"E"
4293,"E"
4294,"E"
4295,"E"
4296,"E"
4297,"E"
4298,"E"
4299,"E"
4300,"E"
4301,"E"
4302,"E"
4303,"D"
4304,"B"
4305,"E"
4306,"E"
4307,"E"
4308,"E"
4309,"E"
4310,"E"
4311,"E"
4312,"E"
4313,"E"
4314,"E"
4315,"E"
4316,"E"
4317,"E"
4318,"D"
4319,"D"
4320,"D"
4321,"D"
4322,"D"
4323,"E"
4324,"E"
4325,"E"
4326,"E"
4327,"E"
4328,"E"
4329,"E"
4330,"E"
4331,"E"
4332,"E"
4333,"E"
4334,"E"
4335,"E"
4336,"E"
4337,"E"
4338,"E"
4339,"E"
4340,"E"
4341,"E"
4342,"E"
4343,"E"
4344,"E"
4345,"E"
4346,"E"
4347,"E"
4348,"E"
4349,"E"
4350,"E"
4351,"E"
4352,"E"
4353,"E"
4354,"E"
4355,"E"
4356,"E"
4357,"E"
4358,"E"
4359,"E"
4360,"E"
4361,"E"
4362,"D"
4363,"D"
4364,"D"
4365,"D"
4366,"D"
4367,"E"
4368,"E"
4369,"E"
4370,"E"
4371,"E"
4372,"E"
4373,"E"
4374,"E"
4375,"E"
4376,"E"
4377,"E"
4378,"E"
4379,"C"
4380,"C"
4381,"A"
4382,"C"
4383,"C"
4384,"C"
4385,"C"
4386,"C"
4387,"C"
4388,"C"
4389,"C"
4390,"C"
4391,"B"
4392,"E"
4393,"B"
4394,"A"
4395,"A"
4396,"E"
4397,"E"
4398,"E"
4399,"E"
4400,"E"
4401,"E"
4402,"E"
4403,"E"
4404,"E"
4405,"E"
4406,"E"
4407,"E"
4408,"C"
4409,"C"
4410,"C"
4411,"C"
4412,"C"
4413,"E"
4414,"E"
4415,"E"
4416,"B"
4417,"E"
4418,"E"
4419,"C"
4420,"C"
4421,"C"
4422,"C"
4423,"E"
4424,"E"
4425,"E"
4426,"C"
4427,"C"
4428,"C"
4429,"C"
4430,"E"
4431,"E"
4432,"E"
4433,"E"
4434,"E"
4435,"E"
4436,"E"
4437,"C"
4438,"C"
4439,"C"
4440,"B"
4441,"E"
4442,"E"
4443,"E"
4444,"E"
4445,"E"
4446,"E"
4447,"E"
4448,"C"
4449,"C"
4450,"E"
4451,"E"
4452,"E"
4453,"E"
4454,"E"
4455,"E"
4456,"C"
4457,"C"
4458,"C"
4459,"E"
4460,"E"
4461,"E"
4462,"E"
4463,"E"
4464,"E"
4465,"E"
4466,"E"
4467,"E"
4468,"E"
4469,"E"
4470,"E"
4471,"E"
4472,"E"
4473,"E"
4474,"E"
4475,"E"
4476,"E"
4477,"E"
4478,"E"
4479,"E"
4480,"E"
4481,"C"
4482,"E"
4483,"D"
4484,"E"
4485,"E"
4486,"E"
4487,"D"
4488,"D"
4489,"D"
4490,"D"
4491,"D"
4492,"D"
4493,"D"
4494,"D"
4495,"D"
4496,"D"
4497,"D"
4498,"D"
4499,"E"
4500,"E"
4501,"E"
4502,"E"
4503,"E"
4504,"E"
4505,"D"
4506,"D"
4507,"E"
4508,"E"
4509,"E"
4510,"E"
4511,"E"
4512,"E"
4513,"E"
4514,"E"
4515,"E"
4516,"E"
4517,"D"
4518,"D"
4519,"D"
4520,"D"
4521,"D"
4522,"D"
4523,"E"
4524,"E"
4525,"E"
4526,"C"
4527,"C"
4528,"C"
4529,"C"
4530,"C"
4531,"C"
4532,"C"
4533,"C"
4534,"C"
4535,"C"
4536,"C"
4537,"E"
4538,"E"
4539,"E"
4540,"E"
4541,"C"
4542,"C"
4543,"C"
4544,"E"
4545,"E"
4546,"E"
4547,"E"
4548,"B"
4549,"B"
4550,"B"
4551,"B"
4552,"E"
4553,"E"
4554,"E"
4555,"E"
4556,"E"
4557,"E"
4558,"E"
4559,"E"
4560,"C"
4561,"C"
4562,"D"
4563,"D"
4564,"B"
4565,"E"
4566,"E"
4567,"E"
4568,"E"
4569,"E"
4570,"E"
4571,"E"
4572,"E"
4573,"D"
4574,"D"
4575,"C"
4576,"D"
4577,"B"
4578,"E"
4579,"E"
4580,"E"
4581,"E"
4582,"E"
4583,"E"
4584,"E"
4585,"C"
4586,"D"
4587,"B"
4588,"E"
4589,"E"
4590,"E"
4591,"E"
4592,"E"
4593,"E"
4594,"E"
4595,"E"
4596,"E"
4597,"E"
4598,"E"
4599,"E"
4600,"E"
4601,"B"
4602,"B"
4603,"B"
4604,"E"
4605,"E"
4606,"E"
4607,"E"
4608,"E"
4609,"E"
4610,"E"
4611,"E"
4612,"E"
4613,"E"
4614,"E"
4615,"E"
4616,"E"
4617,"E"
4618,"E"
4619,"E"
4620,"E"
4621,"E"
4622,"E"
4623,"E"
4624,"E"
4625,"E"
4626,"E"
4627,"E"
4628,"E"
4629,"E"
4630,"E"
4631,"E"
4632,"E"
4633,"E"
4634,"E"
4635,"E"
4636,"E"
4637,"E"
4638,"E"
4639,"E"
4640,"E"
4641,"E"
4642,"E"
4643,"E"
4644,"E"
4645,"E"
4646,"E"
4647,"E"
4648,"E"
4649,"E"
4650,"E"
4651,"E"
4652,"E"
4653,"E"
4654,"E"
4655,"E"
4656,"E"
4657,"E"
4658,"E"
4659,"E"
4660,"E"
4661,"E"
4662,"E"
4663,"E"
4664,"E"
4665,"E"
4666,"E"
4667,"E"
4668,"E"
4669,"E"
4670,"E"
4671,"E"
4672,"E"
4673,"E"
4674,"E"
4675,"E"
4676,"E"
4677,"E"
4678,"E"
4679,"E"
4680,"E"
4681,"E"
4682,"E"
4683,"E"
4684,"E"
4685,"E"
4686,"E"
4687,"E"
4688,"E"
4689,"E"
4690,"E"
4691,"E"
4692,"E"
4693,"E"
4694,"E"
4695,"E"
4696,"E"
4697,"E"
4698,"E"
4699,"E"
4700,"E"
4701,"E"
4702,"E"
4703,"E"
4704,"E"
4705,"E"
4706,"E"
4707,"E"
4708,"E"
4709,"E"
4710,"E"
4711,"E"
4712,"E"
4713,"E"
4714,"E"
4715,"E"
4716,"E"
4717,"E"
4718,"E"
4719,"E"
4720,"E"
4721,"E"
4722,"E"
4723,"E"
4724,"E"
4725,"E"
4726,"E"
4727,"E"
4728,"E"
4729,"E"
4730,"E"
4731,"C"
4732,"C"
4733,"E"
4734,"E"
4735,"E"
4736,"E"
4737,"E"
4738,"E"
4739,"E"
4740,"E"
4741,"E"
4742,"E"
4743,"E"
4744,"E"
4745,"E"
4746,"E"
4747,"E"
4748,"E"
4749,"E"
4750,"E"
4751,"E"
4752,"E"
4753,"E"
4754,"E"
4755,"E"
4756,"C"
4757,"E"
4758,"E"
4759,"E"
4760,"E"
4761,"E"
4762,"E"
4763,"E"
4764,"E"
4765,"E"
4766,"E"
4767,"E"
4768,"E"
4769,"E"
4770,"E"
4771,"E"
4772,"E"
4773,"E"
4774,"E"
4775,"E"
4776,"E"
4777,"E"
4778,"E"
4779,"E"
4780,"E"
4781,"E"
4782,"E"
4783,"E"
4784,"E"
4785,"E"
4786,"E"
4787,"E"
4788,"C"
4789,"C"
4790,"C"
4791,"C"
4792,"C"
4793,"E"
4794,"E"
4795,"C"
4796,"C"
4797,"E"
4798,"C"
4799,"E"
4800,"E"
4801,"E"
4802,"C"
4803,"C"
4804,"C"
4805,"B"
4806,"E"
4807,"E"
4808,"E"
4809,"E"
4810,"D"
4811,"E"
4812,"B"
4813,"E"
4814,"E"
4815,"E"
4816,"C"
4817,"C"
4818,"E"
4819,"E"
4820,"E"
4821,"E"
4822,"E"
4823,"E"
4824,"E"
4825,"E"
4826,"E"
4827,"E"
4828,"E"
4829,"E"
4830,"E"
4831,"E"
4832,"E"
4833,"E"
4834,"E"
4835,"B"
4836,"C"
4837,"C"
4838,"C"
4839,"C"
4840,"E"
4841,"E"
4842,"E"
4843,"E"
4844,"E"
4845,"E"
4846,"E"
4847,"E"
4848,"E"
4849,"E"
4850,"E"
4851,"E"
4852,"E"
4853,"E"
4854,"E"
4855,"E"
4856,"E"
4857,"E"
4858,"E"
4859,"C"
4860,"C"
4861,"E"
4862,"E"
4863,"E"
4864,"E"
4865,"E"
4866,"C"
4867,"E"
4868,"E"
4869,"E"
4870,"E"
4871,"E"
4872,"E"
4873,"C"
4874,"C"
4875,"B"
4876,"E"
4877,"E"
4878,"E"
4879,"E"
4880,"E"
4881,"E"
4882,"E"
4883,"E"
4884,"E"
4885,"D"
4886,"C"
4887,"E"
4888,"B"
4889,"E"
4890,"E"
4891,"E"
4892,"E"
4893,"C"
4894,"C"
4895,"E"
4896,"B"
4897,"B"
4898,"B"
4899,"B"
4900,"B"
4901,"E"
4902,"E"
4903,"E"
4904,"E"
